"Message",Low,"Démarrage de la compilation .NET Native"
"Message",Low,""
"Message",Low,""
"Message",Low,"Tâche ""Gatekeeper"""
"Message",Normal,"Lancement de 'C:\Program Files (x86)\Microsoft SDKs\UWPNuGetPackages\runtime.win10-x64.microsoft.net.native.compiler\2.2.12-rel-31116-00\tools\x64\ilc\ilc.exe --gatekeeper @""C:\Users\micha\Documents\GitHub\GameplayCapture\Src\uwp\GameplayCapture\obj\x64\Release\ilc\intermediate\gkargs.rsp""'"
"Message",Low,"Microsoft (R) .NET Native Gatekeeper, version 2.2.31116.00 "
"Message",Low,"Copyright (C) Microsoft Corporation.  All rights reserved. "
"Message",Low," "
"Message",Low,"V�rification de l'assembly 'C:\Users\micha\Documents\GitHub\GameplayCapture\Src\uwp\GameplayCapture\obj\x64\Release\ilc\in\CaptureEncoder.dll'. "
"Message",Low,"V�rification de l'assembly 'C:\Users\micha\Documents\GitHub\GameplayCapture\Src\uwp\GameplayCapture\obj\x64\Release\ilc\in\GameplayCapture.exe'. "
"Message",Low,"V�rification de l'assembly 'C:\Users\micha\Documents\GitHub\GameplayCapture\Src\uwp\GameplayCapture\obj\x64\Release\ilc\in\Microsoft.Graphics.Canvas.winmd'. "
"Message",Low,"V�rification de l'assembly 'C:\Users\micha\Documents\GitHub\GameplayCapture\Src\uwp\GameplayCapture\obj\x64\Release\ilc\in\NAudio.dll'. "
"Message",Low,"V�rification de l'assembly 'C:\Users\micha\Documents\GitHub\GameplayCapture\Src\uwp\GameplayCapture\obj\x64\Release\ilc\in\ScreenSenderComponent.winmd'. "
"Message",Low,"V�rification de l'assembly 'C:\Users\micha\Documents\GitHub\GameplayCapture\Src\uwp\GameplayCapture\obj\x64\Release\ilc\in\SharpDX.dll'. "
"Message",Low,"V�rification de l'assembly 'C:\Users\micha\Documents\GitHub\GameplayCapture\Src\uwp\GameplayCapture\obj\x64\Release\ilc\in\SharpDX.Direct3D11.dll'. "
"Message",Low,"V�rification de l'assembly 'C:\Users\micha\Documents\GitHub\GameplayCapture\Src\uwp\GameplayCapture\obj\x64\Release\ilc\in\SharpDX.DXGI.dll'. "
"Message",Normal,"'C:\Program Files (x86)\Microsoft SDKs\UWPNuGetPackages\runtime.win10-x64.microsoft.net.native.compiler\2.2.12-rel-31116-00\tools\x64\ilc\ilc.exe --gatekeeper @""C:\Users\micha\Documents\GitHub\GameplayCapture\Src\uwp\GameplayCapture\obj\x64\Release\ilc\intermediate\gkargs.rsp""' achevé."
"Message",Normal,"Statistiques d'exécution de processus (toutes les durées en millisecondes)"
"Message",Normal,"-----------------------------------------------------------------------------"
"Message",Normal,"lancement | début |   arrêt  |   fin    |  durée   | durée de vie | nom [emplacement]"
"Message",Normal,"-----------------------------------------------------------------------------"
"Message",Normal,"       0 |        0 |      203 |      218 |      203 |      218 | [0] Gatekeeper"
"Message",Normal,"Nombre de commandes :    1"
"Message",Normal,"Temps système total :    218 ms"
"Message",Normal,"Temps système par commande : 218 ms"
"Message",Normal,"Durée totale :           203 ms"
"Message",Normal,"Durée de vie totale :    218 ms"
"Message",Normal,"DOP demandé :            4"
"Message",Normal,"Durée DOP :              0,9"
"Message",Normal,"Durée de vie DOP :       1,0"
"Message",Low,"Fin de l'exécution de la tâche ""Gatekeeper""."
"Message",Low,"Génération de la cible ""RunGatekeeper"" terminée dans le fichier ""Preparation""."
"Message",Low,""
"Message",Low,"Génération de la cible ""CreateToolchainGeneratedAssembly"" terminée dans le fichier ""Preparation""."
"Message",Low,""
"Message",Low,"Tâche ""PreMergeAssemblyClosure"""
"Message",Low,"Fin de l'exécution de la tâche ""PreMergeAssemblyClosure""."
"Message",Low,"Génération de la cible ""ConstructPreMergeAssemblyClosure"" terminée dans le fichier ""Preparation""."
"Message",Low,""
"Message",Low,"Tâche ""McgReferenceResolveFilePath"""
"Message",Low,"Fin de l'exécution de la tâche ""McgReferenceResolveFilePath""."
"Message",Low,"Génération de la cible ""PreResolveTransforms"" terminée dans le fichier ""Preparation""."
"Message",Low,""
"Message",Low,"Tâche ""ResolveToolchainRequiredAssemblyRoots"""
"Message",Low,"Fin de l'exécution de la tâche ""ResolveToolchainRequiredAssemblyRoots""."
"Message",Low,"Tâche ""ILTransformAssemblyClosure"""
"Message",Low,"Fin de l'exécution de la tâche ""ILTransformAssemblyClosure""."
"Message",Low,"Tâche ""ResolveToolchainRequiredAssemblyRoots"""
"Message",Low,"Fin de l'exécution de la tâche ""ResolveToolchainRequiredAssemblyRoots""."
"Message",Low,"Tâche ""ReducedCopyAssemblyClosure"""
"Message",Low,"Fin de l'exécution de la tâche ""ReducedCopyAssemblyClosure""."
"Message",Low,"Génération de la cible ""ConstructILTransformAssemblyClosure"" terminée dans le fichier ""Preparation""."
"Message",Low,"Génération du projet ""Preparation"" terminée."
"Message",Low,""
"Message",Low,""
"Message",High,"Traitement du code de l'application"
"Message",Low,"Tâche ""RunILTransforms"""
"Message",Normal,"Exécution de la transformation 'DumpNativeResources', tas à 18 Mo."
"Message",Normal,"Exécution de la transformation 'Analysis', tas à 34 Mo."
"Message",Low,"Chargement de 66 modules..."
"Message",Normal,"Directives de réflexion importées à partir de 11 fichiers :"
"Message",Normal,"C:\Users\micha\Documents\GitHub\GameplayCapture\Src\uwp\GameplayCapture\obj\x64\Release\ilc\in\Properties\Default.rd.xml"
"Message",Normal,"Manifeste incorporé dans System.Private.Interop : Resources.System.Private.Interop.rd.xml"
"Message",Normal,"Manifeste incorporé dans System.Private.WinRTInterop.CoreLib : Resources.System.Private.WinRTInterop.CoreLib.rd.xml"
"Message",Normal,"Manifeste incorporé dans System.Runtime.WindowsRuntime.UI.Xaml : Resources.System.Runtime.WindowsRuntime.UI.Xaml.rd.xml"
"Message",Normal,"Manifeste incorporé dans CaptureEncoder : CaptureEncoder.Properties.CaptureEncoder.rd.xml"
"Message",Normal,"Manifeste incorporé dans System.Private.CoreLib : Resources.System.Private.CoreLib.rd.xml"
"Message",Normal,"Manifeste incorporé dans System.Private.Uri : Resources.System.Private.Uri.rd.xml"
"Message",Normal,"Manifeste incorporé dans System.Private.Reflection.Core : System.Private.Reflection.Core.rd.xml"
"Message",Normal,"Manifeste incorporé dans System.Linq.Expressions : System.Linq.Expressions.Resources.System.Linq.Expressions.rd.xml"
"Message",Normal,"SharpDX.DXGI"
"Message",Normal,"SharpDX"
"Message",Normal,"Racines XAML importées à partir de 1 fichiers :"
"Message",Normal,"C:\Users\micha\Documents\GitHub\GameplayCapture\Src\uwp\GameplayCapture\obj\x64\Release\ilc\in\GameplayCapture.xr.xml"
"Message",Normal,"Exécution de la transformation 'Mcg', tas à 180 Mo."
"Message",High,"Calcul de la fermeture de l'application et génération du code interop"
"Message",High,"  Chargement de 66 modules..."
"Message",Normal,"          P/Invoke 'CreateDirect3D11DeviceFromDXGIDevice' résolu en 'CreateDirect3D11DeviceFromDXGIDevice!d3d11.dll' à partir de 'SupportedAPIs.xml'."
"Message",Normal,"          P/Invoke 'CreateDirect3D11SurfaceFromDXGISurface' résolu en 'CreateDirect3D11SurfaceFromDXGISurface!d3d11.dll' à partir de 'SupportedAPIs.xml'."
"Message",Normal,"          P/Invoke 'GetProcAddress' résolu en 'GetProcAddress!kernel32.dll' à partir de 'SupportedAPIs.xml'."
"Message",Normal,"          P/Invoke 'FreeLibrary' résolu en 'FreeLibrary!kernel32.dll' à partir de 'SupportedAPIs.xml'."
"Warning",,0,0,"      MCG : warning MCG0007: Méthode P/Invoke non résolue 'winmm.dll!mixerGetNumDevs' pour la méthode 'System.Int32 NAudio.Mixer.MixerInterop.mixerGetNumDevs()'. L'appel de cette méthode lève une exception au moment de l'exécution. Vérifiez que P/Invoke pointe vers une API Windows autorisée dans les applications UWP ou une DLL native qui fait partie du package. Si, pour une raison ou une autre, votre P/Invoke ne répond pas à ce critère, utilisez [DllImport(ExactSpelling=true) pour indiquer que vous comprenez les implications de l'utilisation d'API non-UWP."
"Warning",,0,0,"      MCG : warning MCG0007: Méthode P/Invoke non résolue 'winmm.dll!mixerOpen' pour la méthode 'NAudio.MmResult NAudio.Mixer.MixerInterop.mixerOpen(System.IntPtr, System.Int32, System.IntPtr, System.IntPtr, NAudio.Mixer.MixerFlags)'. L'appel de cette méthode lève une exception au moment de l'exécution. Vérifiez que P/Invoke pointe vers une API Windows autorisée dans les applications UWP ou une DLL native qui fait partie du package. Si, pour une raison ou une autre, votre P/Invoke ne répond pas à ce critère, utilisez [DllImport(ExactSpelling=true) pour indiquer que vous comprenez les implications de l'utilisation d'API non-UWP."
"Warning",,0,0,"      MCG : warning MCG0007: Méthode P/Invoke non résolue 'winmm.dll!mixerClose' pour la méthode 'NAudio.MmResult NAudio.Mixer.MixerInterop.mixerClose(System.IntPtr)'. L'appel de cette méthode lève une exception au moment de l'exécution. Vérifiez que P/Invoke pointe vers une API Windows autorisée dans les applications UWP ou une DLL native qui fait partie du package. Si, pour une raison ou une autre, votre P/Invoke ne répond pas à ce critère, utilisez [DllImport(ExactSpelling=true) pour indiquer que vous comprenez les implications de l'utilisation d'API non-UWP."
"Warning",,0,0,"      MCG : warning MCG0007: Méthode P/Invoke non résolue 'winmm.dll!mixerGetControlDetails' pour la méthode 'NAudio.MmResult NAudio.Mixer.MixerInterop.mixerGetControlDetails(System.IntPtr, NAudio.Mixer.MixerInterop.MIXERCONTROLDETAILS, NAudio.Mixer.MixerFlags)'. L'appel de cette méthode lève une exception au moment de l'exécution. Vérifiez que P/Invoke pointe vers une API Windows autorisée dans les applications UWP ou une DLL native qui fait partie du package. Si, pour une raison ou une autre, votre P/Invoke ne répond pas à ce critère, utilisez [DllImport(ExactSpelling=true) pour indiquer que vous comprenez les implications de l'utilisation d'API non-UWP."
"Warning",,0,0,"      MCG : warning MCG0007: Méthode P/Invoke non résolue 'winmm.dll!mixerGetDevCaps' pour la méthode 'NAudio.MmResult NAudio.Mixer.MixerInterop.mixerGetDevCaps(System.IntPtr, NAudio.Mixer.MixerInterop.MIXERCAPS, System.Int32)'. L'appel de cette méthode lève une exception au moment de l'exécution. Vérifiez que P/Invoke pointe vers une API Windows autorisée dans les applications UWP ou une DLL native qui fait partie du package. Si, pour une raison ou une autre, votre P/Invoke ne répond pas à ce critère, utilisez [DllImport(ExactSpelling=true) pour indiquer que vous comprenez les implications de l'utilisation d'API non-UWP."
"Warning",,0,0,"      MCG : warning MCG0007: Méthode P/Invoke non résolue 'winmm.dll!mixerGetID' pour la méthode 'NAudio.MmResult NAudio.Mixer.MixerInterop.mixerGetID(System.IntPtr, System.Int32, NAudio.Mixer.MixerFlags)'. L'appel de cette méthode lève une exception au moment de l'exécution. Vérifiez que P/Invoke pointe vers une API Windows autorisée dans les applications UWP ou une DLL native qui fait partie du package. Si, pour une raison ou une autre, votre P/Invoke ne répond pas à ce critère, utilisez [DllImport(ExactSpelling=true) pour indiquer que vous comprenez les implications de l'utilisation d'API non-UWP."
"Warning",,0,0,"      MCG : warning MCG0007: Méthode P/Invoke non résolue 'winmm.dll!mixerGetLineControls' pour la méthode 'NAudio.MmResult NAudio.Mixer.MixerInterop.mixerGetLineControls(System.IntPtr, NAudio.Mixer.MixerInterop.MIXERLINECONTROLS, NAudio.Mixer.MixerFlags)'. L'appel de cette méthode lève une exception au moment de l'exécution. Vérifiez que P/Invoke pointe vers une API Windows autorisée dans les applications UWP ou une DLL native qui fait partie du package. Si, pour une raison ou une autre, votre P/Invoke ne répond pas à ce critère, utilisez [DllImport(ExactSpelling=true) pour indiquer que vous comprenez les implications de l'utilisation d'API non-UWP."
"Warning",,0,0,"      MCG : warning MCG0007: Méthode P/Invoke non résolue 'winmm.dll!mixerGetLineInfo' pour la méthode 'NAudio.MmResult NAudio.Mixer.MixerInterop.mixerGetLineInfo(System.IntPtr, NAudio.Mixer.MixerInterop.MIXERLINE, NAudio.Mixer.MixerFlags)'. L'appel de cette méthode lève une exception au moment de l'exécution. Vérifiez que P/Invoke pointe vers une API Windows autorisée dans les applications UWP ou une DLL native qui fait partie du package. Si, pour une raison ou une autre, votre P/Invoke ne répond pas à ce critère, utilisez [DllImport(ExactSpelling=true) pour indiquer que vous comprenez les implications de l'utilisation d'API non-UWP."
"Warning",,0,0,"      MCG : warning MCG0007: Méthode P/Invoke non résolue 'winmm.dll!mixerMessage' pour la méthode 'NAudio.MmResult NAudio.Mixer.MixerInterop.mixerMessage(System.IntPtr, System.UInt32, System.IntPtr, System.IntPtr)'. L'appel de cette méthode lève une exception au moment de l'exécution. Vérifiez que P/Invoke pointe vers une API Windows autorisée dans les applications UWP ou une DLL native qui fait partie du package. Si, pour une raison ou une autre, votre P/Invoke ne répond pas à ce critère, utilisez [DllImport(ExactSpelling=true) pour indiquer que vous comprenez les implications de l'utilisation d'API non-UWP."
"Warning",,0,0,"      MCG : warning MCG0007: Méthode P/Invoke non résolue 'winmm.dll!mixerSetControlDetails' pour la méthode 'NAudio.MmResult NAudio.Mixer.MixerInterop.mixerSetControlDetails(System.IntPtr, NAudio.Mixer.MixerInterop.MIXERCONTROLDETAILS, NAudio.Mixer.MixerFlags)'. L'appel de cette méthode lève une exception au moment de l'exécution. Vérifiez que P/Invoke pointe vers une API Windows autorisée dans les applications UWP ou une DLL native qui fait partie du package. Si, pour une raison ou une autre, votre P/Invoke ne répond pas à ce critère, utilisez [DllImport(ExactSpelling=true) pour indiquer que vous comprenez les implications de l'utilisation d'API non-UWP."
"Warning",,0,0,"      MCG : warning MCG0007: Méthode P/Invoke non résolue 'winmm.dll!midiConnect' pour la méthode 'NAudio.MmResult NAudio.Midi.MidiInterop.midiConnect(System.IntPtr, System.IntPtr, System.IntPtr)'. L'appel de cette méthode lève une exception au moment de l'exécution. Vérifiez que P/Invoke pointe vers une API Windows autorisée dans les applications UWP ou une DLL native qui fait partie du package. Si, pour une raison ou une autre, votre P/Invoke ne répond pas à ce critère, utilisez [DllImport(ExactSpelling=true) pour indiquer que vous comprenez les implications de l'utilisation d'API non-UWP."
"Warning",,0,0,"      MCG : warning MCG0007: Méthode P/Invoke non résolue 'winmm.dll!midiDisconnect' pour la méthode 'NAudio.MmResult NAudio.Midi.MidiInterop.midiDisconnect(System.IntPtr, System.IntPtr, System.IntPtr)'. L'appel de cette méthode lève une exception au moment de l'exécution. Vérifiez que P/Invoke pointe vers une API Windows autorisée dans les applications UWP ou une DLL native qui fait partie du package. Si, pour une raison ou une autre, votre P/Invoke ne répond pas à ce critère, utilisez [DllImport(ExactSpelling=true) pour indiquer que vous comprenez les implications de l'utilisation d'API non-UWP."
"Warning",,0,0,"      MCG : warning MCG0007: Méthode P/Invoke non résolue 'winmm.dll!midiInAddBuffer' pour la méthode 'NAudio.MmResult NAudio.Midi.MidiInterop.midiInAddBuffer(System.IntPtr, NAudio.Midi.MidiInterop.MIDIHDR, System.Int32)'. L'appel de cette méthode lève une exception au moment de l'exécution. Vérifiez que P/Invoke pointe vers une API Windows autorisée dans les applications UWP ou une DLL native qui fait partie du package. Si, pour une raison ou une autre, votre P/Invoke ne répond pas à ce critère, utilisez [DllImport(ExactSpelling=true) pour indiquer que vous comprenez les implications de l'utilisation d'API non-UWP."
"Warning",,0,0,"      MCG : warning MCG0007: Méthode P/Invoke non résolue 'winmm.dll!midiInClose' pour la méthode 'NAudio.MmResult NAudio.Midi.MidiInterop.midiInClose(System.IntPtr)'. L'appel de cette méthode lève une exception au moment de l'exécution. Vérifiez que P/Invoke pointe vers une API Windows autorisée dans les applications UWP ou une DLL native qui fait partie du package. Si, pour une raison ou une autre, votre P/Invoke ne répond pas à ce critère, utilisez [DllImport(ExactSpelling=true) pour indiquer que vous comprenez les implications de l'utilisation d'API non-UWP."
"Warning",,0,0,"      MCG : warning MCG0007: Méthode P/Invoke non résolue 'winmm.dll!midiInGetDevCaps' pour la méthode 'NAudio.MmResult NAudio.Midi.MidiInterop.midiInGetDevCaps(System.IntPtr, NAudio.Midi.MidiInCapabilities, System.Int32)'. L'appel de cette méthode lève une exception au moment de l'exécution. Vérifiez que P/Invoke pointe vers une API Windows autorisée dans les applications UWP ou une DLL native qui fait partie du package. Si, pour une raison ou une autre, votre P/Invoke ne répond pas à ce critère, utilisez [DllImport(ExactSpelling=true) pour indiquer que vous comprenez les implications de l'utilisation d'API non-UWP."
"Warning",,0,0,"      MCG : warning MCG0007: Méthode P/Invoke non résolue 'winmm.dll!midiInGetErrorText' pour la méthode 'NAudio.MmResult NAudio.Midi.MidiInterop.midiInGetErrorText(System.Int32, System.String, System.Int32)'. L'appel de cette méthode lève une exception au moment de l'exécution. Vérifiez que P/Invoke pointe vers une API Windows autorisée dans les applications UWP ou une DLL native qui fait partie du package. Si, pour une raison ou une autre, votre P/Invoke ne répond pas à ce critère, utilisez [DllImport(ExactSpelling=true) pour indiquer que vous comprenez les implications de l'utilisation d'API non-UWP."
"Warning",,0,0,"      MCG : warning MCG0007: Méthode P/Invoke non résolue 'winmm.dll!midiInGetID' pour la méthode 'NAudio.MmResult NAudio.Midi.MidiInterop.midiInGetID(System.IntPtr, System.Int32)'. L'appel de cette méthode lève une exception au moment de l'exécution. Vérifiez que P/Invoke pointe vers une API Windows autorisée dans les applications UWP ou une DLL native qui fait partie du package. Si, pour une raison ou une autre, votre P/Invoke ne répond pas à ce critère, utilisez [DllImport(ExactSpelling=true) pour indiquer que vous comprenez les implications de l'utilisation d'API non-UWP."
"Warning",,0,0,"      MCG : warning MCG0007: Méthode P/Invoke non résolue 'winmm.dll!midiInGetNumDevs' pour la méthode 'System.Int32 NAudio.Midi.MidiInterop.midiInGetNumDevs()'. L'appel de cette méthode lève une exception au moment de l'exécution. Vérifiez que P/Invoke pointe vers une API Windows autorisée dans les applications UWP ou une DLL native qui fait partie du package. Si, pour une raison ou une autre, votre P/Invoke ne répond pas à ce critère, utilisez [DllImport(ExactSpelling=true) pour indiquer que vous comprenez les implications de l'utilisation d'API non-UWP."
"Warning",,0,0,"      MCG : warning MCG0007: Méthode P/Invoke non résolue 'winmm.dll!midiInMessage' pour la méthode 'NAudio.MmResult NAudio.Midi.MidiInterop.midiInMessage(System.IntPtr, System.Int32, System.IntPtr, System.IntPtr)'. L'appel de cette méthode lève une exception au moment de l'exécution. Vérifiez que P/Invoke pointe vers une API Windows autorisée dans les applications UWP ou une DLL native qui fait partie du package. Si, pour une raison ou une autre, votre P/Invoke ne répond pas à ce critère, utilisez [DllImport(ExactSpelling=true) pour indiquer que vous comprenez les implications de l'utilisation d'API non-UWP."
"Warning",,0,0,"      MCG : warning MCG0007: Méthode P/Invoke non résolue 'winmm.dll!midiInOpen' pour la méthode 'NAudio.MmResult NAudio.Midi.MidiInterop.midiInOpen(System.IntPtr, System.IntPtr, NAudio.Midi.MidiInterop.MidiInCallback, System.IntPtr, System.Int32)'. L'appel de cette méthode lève une exception au moment de l'exécution. Vérifiez que P/Invoke pointe vers une API Windows autorisée dans les applications UWP ou une DLL native qui fait partie du package. Si, pour une raison ou une autre, votre P/Invoke ne répond pas à ce critère, utilisez [DllImport(ExactSpelling=true) pour indiquer que vous comprenez les implications de l'utilisation d'API non-UWP."
"Warning",,0,0,"      MCG : warning MCG0007: Méthode P/Invoke non résolue 'winmm.dll!midiInOpen' pour la méthode 'NAudio.MmResult NAudio.Midi.MidiInterop.midiInOpenWindow(System.IntPtr, System.IntPtr, System.IntPtr, System.IntPtr, System.Int32)'. L'appel de cette méthode lève une exception au moment de l'exécution. Vérifiez que P/Invoke pointe vers une API Windows autorisée dans les applications UWP ou une DLL native qui fait partie du package. Si, pour une raison ou une autre, votre P/Invoke ne répond pas à ce critère, utilisez [DllImport(ExactSpelling=true) pour indiquer que vous comprenez les implications de l'utilisation d'API non-UWP."
"Warning",,0,0,"      MCG : warning MCG0007: Méthode P/Invoke non résolue 'winmm.dll!midiInPrepareHeader' pour la méthode 'NAudio.MmResult NAudio.Midi.MidiInterop.midiInPrepareHeader(System.IntPtr, NAudio.Midi.MidiInterop.MIDIHDR, System.Int32)'. L'appel de cette méthode lève une exception au moment de l'exécution. Vérifiez que P/Invoke pointe vers une API Windows autorisée dans les applications UWP ou une DLL native qui fait partie du package. Si, pour une raison ou une autre, votre P/Invoke ne répond pas à ce critère, utilisez [DllImport(ExactSpelling=true) pour indiquer que vous comprenez les implications de l'utilisation d'API non-UWP."
"Warning",,0,0,"      MCG : warning MCG0007: Méthode P/Invoke non résolue 'winmm.dll!midiInReset' pour la méthode 'NAudio.MmResult NAudio.Midi.MidiInterop.midiInReset(System.IntPtr)'. L'appel de cette méthode lève une exception au moment de l'exécution. Vérifiez que P/Invoke pointe vers une API Windows autorisée dans les applications UWP ou une DLL native qui fait partie du package. Si, pour une raison ou une autre, votre P/Invoke ne répond pas à ce critère, utilisez [DllImport(ExactSpelling=true) pour indiquer que vous comprenez les implications de l'utilisation d'API non-UWP."
"Warning",,0,0,"      MCG : warning MCG0007: Méthode P/Invoke non résolue 'winmm.dll!midiInStart' pour la méthode 'NAudio.MmResult NAudio.Midi.MidiInterop.midiInStart(System.IntPtr)'. L'appel de cette méthode lève une exception au moment de l'exécution. Vérifiez que P/Invoke pointe vers une API Windows autorisée dans les applications UWP ou une DLL native qui fait partie du package. Si, pour une raison ou une autre, votre P/Invoke ne répond pas à ce critère, utilisez [DllImport(ExactSpelling=true) pour indiquer que vous comprenez les implications de l'utilisation d'API non-UWP."
"Warning",,0,0,"      MCG : warning MCG0007: Méthode P/Invoke non résolue 'winmm.dll!midiInStop' pour la méthode 'NAudio.MmResult NAudio.Midi.MidiInterop.midiInStop(System.IntPtr)'. L'appel de cette méthode lève une exception au moment de l'exécution. Vérifiez que P/Invoke pointe vers une API Windows autorisée dans les applications UWP ou une DLL native qui fait partie du package. Si, pour une raison ou une autre, votre P/Invoke ne répond pas à ce critère, utilisez [DllImport(ExactSpelling=true) pour indiquer que vous comprenez les implications de l'utilisation d'API non-UWP."
"Warning",,0,0,"      MCG : warning MCG0007: Méthode P/Invoke non résolue 'winmm.dll!midiInUnprepareHeader' pour la méthode 'NAudio.MmResult NAudio.Midi.MidiInterop.midiInUnprepareHeader(System.IntPtr, NAudio.Midi.MidiInterop.MIDIHDR, System.Int32)'. L'appel de cette méthode lève une exception au moment de l'exécution. Vérifiez que P/Invoke pointe vers une API Windows autorisée dans les applications UWP ou une DLL native qui fait partie du package. Si, pour une raison ou une autre, votre P/Invoke ne répond pas à ce critère, utilisez [DllImport(ExactSpelling=true) pour indiquer que vous comprenez les implications de l'utilisation d'API non-UWP."
"Warning",,0,0,"      MCG : warning MCG0007: Méthode P/Invoke non résolue 'winmm.dll!midiOutCacheDrumPatches' pour la méthode 'NAudio.MmResult NAudio.Midi.MidiInterop.midiOutCacheDrumPatches(System.IntPtr, System.Int32, System.IntPtr, System.Int32)'. L'appel de cette méthode lève une exception au moment de l'exécution. Vérifiez que P/Invoke pointe vers une API Windows autorisée dans les applications UWP ou une DLL native qui fait partie du package. Si, pour une raison ou une autre, votre P/Invoke ne répond pas à ce critère, utilisez [DllImport(ExactSpelling=true) pour indiquer que vous comprenez les implications de l'utilisation d'API non-UWP."
"Warning",,0,0,"      MCG : warning MCG0007: Méthode P/Invoke non résolue 'winmm.dll!midiOutCachePatches' pour la méthode 'NAudio.MmResult NAudio.Midi.MidiInterop.midiOutCachePatches(System.IntPtr, System.Int32, System.IntPtr, System.Int32)'. L'appel de cette méthode lève une exception au moment de l'exécution. Vérifiez que P/Invoke pointe vers une API Windows autorisée dans les applications UWP ou une DLL native qui fait partie du package. Si, pour une raison ou une autre, votre P/Invoke ne répond pas à ce critère, utilisez [DllImport(ExactSpelling=true) pour indiquer que vous comprenez les implications de l'utilisation d'API non-UWP."
"Warning",,0,0,"      MCG : warning MCG0007: Méthode P/Invoke non résolue 'winmm.dll!midiOutClose' pour la méthode 'NAudio.MmResult NAudio.Midi.MidiInterop.midiOutClose(System.IntPtr)'. L'appel de cette méthode lève une exception au moment de l'exécution. Vérifiez que P/Invoke pointe vers une API Windows autorisée dans les applications UWP ou une DLL native qui fait partie du package. Si, pour une raison ou une autre, votre P/Invoke ne répond pas à ce critère, utilisez [DllImport(ExactSpelling=true) pour indiquer que vous comprenez les implications de l'utilisation d'API non-UWP."
"Warning",,0,0,"      MCG : warning MCG0007: Méthode P/Invoke non résolue 'winmm.dll!midiOutGetDevCaps' pour la méthode 'NAudio.MmResult NAudio.Midi.MidiInterop.midiOutGetDevCaps(System.IntPtr, NAudio.Midi.MidiOutCapabilities, System.Int32)'. L'appel de cette méthode lève une exception au moment de l'exécution. Vérifiez que P/Invoke pointe vers une API Windows autorisée dans les applications UWP ou une DLL native qui fait partie du package. Si, pour une raison ou une autre, votre P/Invoke ne répond pas à ce critère, utilisez [DllImport(ExactSpelling=true) pour indiquer que vous comprenez les implications de l'utilisation d'API non-UWP."
"Warning",,0,0,"      MCG : warning MCG0007: Méthode P/Invoke non résolue 'winmm.dll!midiOutGetErrorText' pour la méthode 'NAudio.MmResult NAudio.Midi.MidiInterop.midiOutGetErrorText(System.IntPtr, System.String, System.Int32)'. L'appel de cette méthode lève une exception au moment de l'exécution. Vérifiez que P/Invoke pointe vers une API Windows autorisée dans les applications UWP ou une DLL native qui fait partie du package. Si, pour une raison ou une autre, votre P/Invoke ne répond pas à ce critère, utilisez [DllImport(ExactSpelling=true) pour indiquer que vous comprenez les implications de l'utilisation d'API non-UWP."
"Warning",,0,0,"      MCG : warning MCG0007: Méthode P/Invoke non résolue 'winmm.dll!midiOutGetID' pour la méthode 'NAudio.MmResult NAudio.Midi.MidiInterop.midiOutGetID(System.IntPtr, System.Int32)'. L'appel de cette méthode lève une exception au moment de l'exécution. Vérifiez que P/Invoke pointe vers une API Windows autorisée dans les applications UWP ou une DLL native qui fait partie du package. Si, pour une raison ou une autre, votre P/Invoke ne répond pas à ce critère, utilisez [DllImport(ExactSpelling=true) pour indiquer que vous comprenez les implications de l'utilisation d'API non-UWP."
"Warning",,0,0,"      MCG : warning MCG0007: Méthode P/Invoke non résolue 'winmm.dll!midiOutGetNumDevs' pour la méthode 'System.Int32 NAudio.Midi.MidiInterop.midiOutGetNumDevs()'. L'appel de cette méthode lève une exception au moment de l'exécution. Vérifiez que P/Invoke pointe vers une API Windows autorisée dans les applications UWP ou une DLL native qui fait partie du package. Si, pour une raison ou une autre, votre P/Invoke ne répond pas à ce critère, utilisez [DllImport(ExactSpelling=true) pour indiquer que vous comprenez les implications de l'utilisation d'API non-UWP."
"Warning",,0,0,"      MCG : warning MCG0007: Méthode P/Invoke non résolue 'winmm.dll!midiOutGetVolume' pour la méthode 'NAudio.MmResult NAudio.Midi.MidiInterop.midiOutGetVolume(System.IntPtr, System.Int32)'. L'appel de cette méthode lève une exception au moment de l'exécution. Vérifiez que P/Invoke pointe vers une API Windows autorisée dans les applications UWP ou une DLL native qui fait partie du package. Si, pour une raison ou une autre, votre P/Invoke ne répond pas à ce critère, utilisez [DllImport(ExactSpelling=true) pour indiquer que vous comprenez les implications de l'utilisation d'API non-UWP."
"Warning",,0,0,"      MCG : warning MCG0007: Méthode P/Invoke non résolue 'winmm.dll!midiOutLongMsg' pour la méthode 'NAudio.MmResult NAudio.Midi.MidiInterop.midiOutLongMsg(System.IntPtr, NAudio.Midi.MidiInterop.MIDIHDR, System.Int32)'. L'appel de cette méthode lève une exception au moment de l'exécution. Vérifiez que P/Invoke pointe vers une API Windows autorisée dans les applications UWP ou une DLL native qui fait partie du package. Si, pour une raison ou une autre, votre P/Invoke ne répond pas à ce critère, utilisez [DllImport(ExactSpelling=true) pour indiquer que vous comprenez les implications de l'utilisation d'API non-UWP."
"Warning",,0,0,"      MCG : warning MCG0007: Méthode P/Invoke non résolue 'winmm.dll!midiOutMessage' pour la méthode 'NAudio.MmResult NAudio.Midi.MidiInterop.midiOutMessage(System.IntPtr, System.Int32, System.IntPtr, System.IntPtr)'. L'appel de cette méthode lève une exception au moment de l'exécution. Vérifiez que P/Invoke pointe vers une API Windows autorisée dans les applications UWP ou une DLL native qui fait partie du package. Si, pour une raison ou une autre, votre P/Invoke ne répond pas à ce critère, utilisez [DllImport(ExactSpelling=true) pour indiquer que vous comprenez les implications de l'utilisation d'API non-UWP."
"Warning",,0,0,"      MCG : warning MCG0007: Méthode P/Invoke non résolue 'winmm.dll!midiOutOpen' pour la méthode 'NAudio.MmResult NAudio.Midi.MidiInterop.midiOutOpen(System.IntPtr, System.IntPtr, NAudio.Midi.MidiInterop.MidiOutCallback, System.IntPtr, System.Int32)'. L'appel de cette méthode lève une exception au moment de l'exécution. Vérifiez que P/Invoke pointe vers une API Windows autorisée dans les applications UWP ou une DLL native qui fait partie du package. Si, pour une raison ou une autre, votre P/Invoke ne répond pas à ce critère, utilisez [DllImport(ExactSpelling=true) pour indiquer que vous comprenez les implications de l'utilisation d'API non-UWP."
"Warning",,0,0,"      MCG : warning MCG0007: Méthode P/Invoke non résolue 'winmm.dll!midiOutPrepareHeader' pour la méthode 'NAudio.MmResult NAudio.Midi.MidiInterop.midiOutPrepareHeader(System.IntPtr, NAudio.Midi.MidiInterop.MIDIHDR, System.Int32)'. L'appel de cette méthode lève une exception au moment de l'exécution. Vérifiez que P/Invoke pointe vers une API Windows autorisée dans les applications UWP ou une DLL native qui fait partie du package. Si, pour une raison ou une autre, votre P/Invoke ne répond pas à ce critère, utilisez [DllImport(ExactSpelling=true) pour indiquer que vous comprenez les implications de l'utilisation d'API non-UWP."
"Warning",,0,0,"      MCG : warning MCG0007: Méthode P/Invoke non résolue 'winmm.dll!midiOutReset' pour la méthode 'NAudio.MmResult NAudio.Midi.MidiInterop.midiOutReset(System.IntPtr)'. L'appel de cette méthode lève une exception au moment de l'exécution. Vérifiez que P/Invoke pointe vers une API Windows autorisée dans les applications UWP ou une DLL native qui fait partie du package. Si, pour une raison ou une autre, votre P/Invoke ne répond pas à ce critère, utilisez [DllImport(ExactSpelling=true) pour indiquer que vous comprenez les implications de l'utilisation d'API non-UWP."
"Warning",,0,0,"      MCG : warning MCG0007: Méthode P/Invoke non résolue 'winmm.dll!midiOutSetVolume' pour la méthode 'NAudio.MmResult NAudio.Midi.MidiInterop.midiOutSetVolume(System.IntPtr, System.Int32)'. L'appel de cette méthode lève une exception au moment de l'exécution. Vérifiez que P/Invoke pointe vers une API Windows autorisée dans les applications UWP ou une DLL native qui fait partie du package. Si, pour une raison ou une autre, votre P/Invoke ne répond pas à ce critère, utilisez [DllImport(ExactSpelling=true) pour indiquer que vous comprenez les implications de l'utilisation d'API non-UWP."
"Warning",,0,0,"      MCG : warning MCG0007: Méthode P/Invoke non résolue 'winmm.dll!midiOutShortMsg' pour la méthode 'NAudio.MmResult NAudio.Midi.MidiInterop.midiOutShortMsg(System.IntPtr, System.Int32)'. L'appel de cette méthode lève une exception au moment de l'exécution. Vérifiez que P/Invoke pointe vers une API Windows autorisée dans les applications UWP ou une DLL native qui fait partie du package. Si, pour une raison ou une autre, votre P/Invoke ne répond pas à ce critère, utilisez [DllImport(ExactSpelling=true) pour indiquer que vous comprenez les implications de l'utilisation d'API non-UWP."
"Warning",,0,0,"      MCG : warning MCG0007: Méthode P/Invoke non résolue 'winmm.dll!midiOutUnprepareHeader' pour la méthode 'NAudio.MmResult NAudio.Midi.MidiInterop.midiOutUnprepareHeader(System.IntPtr, NAudio.Midi.MidiInterop.MIDIHDR, System.Int32)'. L'appel de cette méthode lève une exception au moment de l'exécution. Vérifiez que P/Invoke pointe vers une API Windows autorisée dans les applications UWP ou une DLL native qui fait partie du package. Si, pour une raison ou une autre, votre P/Invoke ne répond pas à ce critère, utilisez [DllImport(ExactSpelling=true) pour indiquer que vous comprenez les implications de l'utilisation d'API non-UWP."
"Warning",,0,0,"      MCG : warning MCG0007: Méthode P/Invoke non résolue 'winmm.dll!midiStreamClose' pour la méthode 'NAudio.MmResult NAudio.Midi.MidiInterop.midiStreamClose(System.IntPtr)'. L'appel de cette méthode lève une exception au moment de l'exécution. Vérifiez que P/Invoke pointe vers une API Windows autorisée dans les applications UWP ou une DLL native qui fait partie du package. Si, pour une raison ou une autre, votre P/Invoke ne répond pas à ce critère, utilisez [DllImport(ExactSpelling=true) pour indiquer que vous comprenez les implications de l'utilisation d'API non-UWP."
"Warning",,0,0,"      MCG : warning MCG0007: Méthode P/Invoke non résolue 'winmm.dll!midiStreamOpen' pour la méthode 'NAudio.MmResult NAudio.Midi.MidiInterop.midiStreamOpen(System.IntPtr, System.IntPtr, System.Int32, System.IntPtr, System.IntPtr, System.Int32)'. L'appel de cette méthode lève une exception au moment de l'exécution. Vérifiez que P/Invoke pointe vers une API Windows autorisée dans les applications UWP ou une DLL native qui fait partie du package. Si, pour une raison ou une autre, votre P/Invoke ne répond pas à ce critère, utilisez [DllImport(ExactSpelling=true) pour indiquer que vous comprenez les implications de l'utilisation d'API non-UWP."
"Warning",,0,0,"      MCG : warning MCG0007: Méthode P/Invoke non résolue 'winmm.dll!midiStreamOut' pour la méthode 'NAudio.MmResult NAudio.Midi.MidiInterop.midiStreamOut(System.IntPtr, NAudio.Midi.MidiInterop.MIDIHDR, System.Int32)'. L'appel de cette méthode lève une exception au moment de l'exécution. Vérifiez que P/Invoke pointe vers une API Windows autorisée dans les applications UWP ou une DLL native qui fait partie du package. Si, pour une raison ou une autre, votre P/Invoke ne répond pas à ce critère, utilisez [DllImport(ExactSpelling=true) pour indiquer que vous comprenez les implications de l'utilisation d'API non-UWP."
"Warning",,0,0,"      MCG : warning MCG0007: Méthode P/Invoke non résolue 'winmm.dll!midiStreamPause' pour la méthode 'NAudio.MmResult NAudio.Midi.MidiInterop.midiStreamPause(System.IntPtr)'. L'appel de cette méthode lève une exception au moment de l'exécution. Vérifiez que P/Invoke pointe vers une API Windows autorisée dans les applications UWP ou une DLL native qui fait partie du package. Si, pour une raison ou une autre, votre P/Invoke ne répond pas à ce critère, utilisez [DllImport(ExactSpelling=true) pour indiquer que vous comprenez les implications de l'utilisation d'API non-UWP."
"Warning",,0,0,"      MCG : warning MCG0007: Méthode P/Invoke non résolue 'winmm.dll!midiStreamPosition' pour la méthode 'NAudio.MmResult NAudio.Midi.MidiInterop.midiStreamPosition(System.IntPtr, NAudio.Midi.MidiInterop.MMTIME, System.Int32)'. L'appel de cette méthode lève une exception au moment de l'exécution. Vérifiez que P/Invoke pointe vers une API Windows autorisée dans les applications UWP ou une DLL native qui fait partie du package. Si, pour une raison ou une autre, votre P/Invoke ne répond pas à ce critère, utilisez [DllImport(ExactSpelling=true) pour indiquer que vous comprenez les implications de l'utilisation d'API non-UWP."
"Warning",,0,0,"      MCG : warning MCG0007: Méthode P/Invoke non résolue 'winmm.dll!midiStreamProperty' pour la méthode 'NAudio.MmResult NAudio.Midi.MidiInterop.midiStreamProperty(System.IntPtr, System.IntPtr, System.Int32)'. L'appel de cette méthode lève une exception au moment de l'exécution. Vérifiez que P/Invoke pointe vers une API Windows autorisée dans les applications UWP ou une DLL native qui fait partie du package. Si, pour une raison ou une autre, votre P/Invoke ne répond pas à ce critère, utilisez [DllImport(ExactSpelling=true) pour indiquer que vous comprenez les implications de l'utilisation d'API non-UWP."
"Warning",,0,0,"      MCG : warning MCG0007: Méthode P/Invoke non résolue 'winmm.dll!midiStreamRestart' pour la méthode 'NAudio.MmResult NAudio.Midi.MidiInterop.midiStreamRestart(System.IntPtr)'. L'appel de cette méthode lève une exception au moment de l'exécution. Vérifiez que P/Invoke pointe vers une API Windows autorisée dans les applications UWP ou une DLL native qui fait partie du package. Si, pour une raison ou une autre, votre P/Invoke ne répond pas à ce critère, utilisez [DllImport(ExactSpelling=true) pour indiquer que vous comprenez les implications de l'utilisation d'API non-UWP."
"Warning",,0,0,"      MCG : warning MCG0007: Méthode P/Invoke non résolue 'winmm.dll!midiStreamStop' pour la méthode 'NAudio.MmResult NAudio.Midi.MidiInterop.midiStreamStop(System.IntPtr)'. L'appel de cette méthode lève une exception au moment de l'exécution. Vérifiez que P/Invoke pointe vers une API Windows autorisée dans les applications UWP ou une DLL native qui fait partie du package. Si, pour une raison ou une autre, votre P/Invoke ne répond pas à ce critère, utilisez [DllImport(ExactSpelling=true) pour indiquer que vous comprenez les implications de l'utilisation d'API non-UWP."
"Message",Normal,"          P/Invoke 'MFStartup' résolu en 'MFStartup!mfplat.dll' à partir de 'SupportedAPIs.xml'."
"Message",Normal,"          P/Invoke 'MFShutdown' résolu en 'MFShutdown!mfplat.dll' à partir de 'SupportedAPIs.xml'."
"Message",Normal,"          P/Invoke 'MFCreateMediaType' résolu en 'MFCreateMediaType!mfplat.dll' à partir de 'SupportedAPIs.xml'."
"Message",Normal,"          P/Invoke 'MFInitMediaTypeFromWaveFormatEx' résolu en 'MFInitMediaTypeFromWaveFormatEx!mfplat.dll' à partir de 'SupportedAPIs.xml'."
"Message",Normal,"          P/Invoke 'MFCreateWaveFormatExFromMFMediaType' résolu en 'MFCreateWaveFormatExFromMFMediaType!mfplat.dll' à partir de 'SupportedAPIs.xml'."
"Message",Normal,"          P/Invoke 'MFCreateSourceReaderFromURL' résolu en 'MFCreateSourceReaderFromURL!mfreadwrite.dll' à partir de 'SupportedAPIs.xml'."
"Message",Normal,"          P/Invoke 'MFCreateSourceReaderFromByteStream' résolu en 'MFCreateSourceReaderFromByteStream!mfreadwrite.dll' à partir de 'SupportedAPIs.xml'."
"Message",Normal,"          P/Invoke 'MFCreateSinkWriterFromURL' résolu en 'MFCreateSinkWriterFromURL!mfreadwrite.dll' à partir de 'SupportedAPIs.xml'."
"Message",Normal,"          P/Invoke 'MFCreateMFByteStreamOnStreamEx' résolu en 'MFCreateMFByteStreamOnStreamEx!mfplat.dll' à partir de 'SupportedAPIs.xml'."
"Message",Normal,"          P/Invoke 'MFCreateSample' résolu en 'MFCreateSample!mfplat.dll' à partir de 'SupportedAPIs.xml'."
"Message",Normal,"          P/Invoke 'MFCreateMemoryBuffer' résolu en 'MFCreateMemoryBuffer!mfplat.dll' à partir de 'SupportedAPIs.xml'."
"Message",Normal,"          P/Invoke 'MFCreateAttributes' résolu en 'MFCreateAttributes!mfplat.dll' à partir de 'SupportedAPIs.xml'."
"Warning",,0,0,"      MCG : warning MCG0007: Méthode P/Invoke non résolue 'winmm.dll!mmioStringToFOURCC' pour la méthode 'System.Int32 NAudio.Wave.WaveInterop.mmioStringToFOURCC(System.String, System.Int32)'. L'appel de cette méthode lève une exception au moment de l'exécution. Vérifiez que P/Invoke pointe vers une API Windows autorisée dans les applications UWP ou une DLL native qui fait partie du package. Si, pour une raison ou une autre, votre P/Invoke ne répond pas à ce critère, utilisez [DllImport(ExactSpelling=true) pour indiquer que vous comprenez les implications de l'utilisation d'API non-UWP."
"Warning",,0,0,"      MCG : warning MCG0007: Méthode P/Invoke non résolue 'winmm.dll!waveOutGetNumDevs' pour la méthode 'System.Int32 NAudio.Wave.WaveInterop.waveOutGetNumDevs()'. L'appel de cette méthode lève une exception au moment de l'exécution. Vérifiez que P/Invoke pointe vers une API Windows autorisée dans les applications UWP ou une DLL native qui fait partie du package. Si, pour une raison ou une autre, votre P/Invoke ne répond pas à ce critère, utilisez [DllImport(ExactSpelling=true) pour indiquer que vous comprenez les implications de l'utilisation d'API non-UWP."
"Warning",,0,0,"      MCG : warning MCG0007: Méthode P/Invoke non résolue 'winmm.dll!waveOutPrepareHeader' pour la méthode 'NAudio.MmResult NAudio.Wave.WaveInterop.waveOutPrepareHeader(System.IntPtr, NAudio.Wave.WaveHeader, System.Int32)'. L'appel de cette méthode lève une exception au moment de l'exécution. Vérifiez que P/Invoke pointe vers une API Windows autorisée dans les applications UWP ou une DLL native qui fait partie du package. Si, pour une raison ou une autre, votre P/Invoke ne répond pas à ce critère, utilisez [DllImport(ExactSpelling=true) pour indiquer que vous comprenez les implications de l'utilisation d'API non-UWP."
"Warning",,0,0,"      MCG : warning MCG0007: Méthode P/Invoke non résolue 'winmm.dll!waveOutUnprepareHeader' pour la méthode 'NAudio.MmResult NAudio.Wave.WaveInterop.waveOutUnprepareHeader(System.IntPtr, NAudio.Wave.WaveHeader, System.Int32)'. L'appel de cette méthode lève une exception au moment de l'exécution. Vérifiez que P/Invoke pointe vers une API Windows autorisée dans les applications UWP ou une DLL native qui fait partie du package. Si, pour une raison ou une autre, votre P/Invoke ne répond pas à ce critère, utilisez [DllImport(ExactSpelling=true) pour indiquer que vous comprenez les implications de l'utilisation d'API non-UWP."
"Warning",,0,0,"      MCG : warning MCG0007: Méthode P/Invoke non résolue 'winmm.dll!waveOutWrite' pour la méthode 'NAudio.MmResult NAudio.Wave.WaveInterop.waveOutWrite(System.IntPtr, NAudio.Wave.WaveHeader, System.Int32)'. L'appel de cette méthode lève une exception au moment de l'exécution. Vérifiez que P/Invoke pointe vers une API Windows autorisée dans les applications UWP ou une DLL native qui fait partie du package. Si, pour une raison ou une autre, votre P/Invoke ne répond pas à ce critère, utilisez [DllImport(ExactSpelling=true) pour indiquer que vous comprenez les implications de l'utilisation d'API non-UWP."
"Warning",,0,0,"      MCG : warning MCG0007: Méthode P/Invoke non résolue 'winmm.dll!waveOutOpen' pour la méthode 'NAudio.MmResult NAudio.Wave.WaveInterop.waveOutOpen(System.IntPtr, System.IntPtr, NAudio.Wave.WaveFormat, NAudio.Wave.WaveInterop.WaveCallback, System.IntPtr, NAudio.Wave.WaveInterop.WaveInOutOpenFlags)'. L'appel de cette méthode lève une exception au moment de l'exécution. Vérifiez que P/Invoke pointe vers une API Windows autorisée dans les applications UWP ou une DLL native qui fait partie du package. Si, pour une raison ou une autre, votre P/Invoke ne répond pas à ce critère, utilisez [DllImport(ExactSpelling=true) pour indiquer que vous comprenez les implications de l'utilisation d'API non-UWP."
"Warning",,0,0,"      MCG : warning MCG0007: Méthode P/Invoke non résolue 'winmm.dll!waveOutOpen' pour la méthode 'NAudio.MmResult NAudio.Wave.WaveInterop.waveOutOpenWindow(System.IntPtr, System.IntPtr, NAudio.Wave.WaveFormat, System.IntPtr, System.IntPtr, NAudio.Wave.WaveInterop.WaveInOutOpenFlags)'. L'appel de cette méthode lève une exception au moment de l'exécution. Vérifiez que P/Invoke pointe vers une API Windows autorisée dans les applications UWP ou une DLL native qui fait partie du package. Si, pour une raison ou une autre, votre P/Invoke ne répond pas à ce critère, utilisez [DllImport(ExactSpelling=true) pour indiquer que vous comprenez les implications de l'utilisation d'API non-UWP."
"Warning",,0,0,"      MCG : warning MCG0007: Méthode P/Invoke non résolue 'winmm.dll!waveOutReset' pour la méthode 'NAudio.MmResult NAudio.Wave.WaveInterop.waveOutReset(System.IntPtr)'. L'appel de cette méthode lève une exception au moment de l'exécution. Vérifiez que P/Invoke pointe vers une API Windows autorisée dans les applications UWP ou une DLL native qui fait partie du package. Si, pour une raison ou une autre, votre P/Invoke ne répond pas à ce critère, utilisez [DllImport(ExactSpelling=true) pour indiquer que vous comprenez les implications de l'utilisation d'API non-UWP."
"Warning",,0,0,"      MCG : warning MCG0007: Méthode P/Invoke non résolue 'winmm.dll!waveOutClose' pour la méthode 'NAudio.MmResult NAudio.Wave.WaveInterop.waveOutClose(System.IntPtr)'. L'appel de cette méthode lève une exception au moment de l'exécution. Vérifiez que P/Invoke pointe vers une API Windows autorisée dans les applications UWP ou une DLL native qui fait partie du package. Si, pour une raison ou une autre, votre P/Invoke ne répond pas à ce critère, utilisez [DllImport(ExactSpelling=true) pour indiquer que vous comprenez les implications de l'utilisation d'API non-UWP."
"Warning",,0,0,"      MCG : warning MCG0007: Méthode P/Invoke non résolue 'winmm.dll!waveOutPause' pour la méthode 'NAudio.MmResult NAudio.Wave.WaveInterop.waveOutPause(System.IntPtr)'. L'appel de cette méthode lève une exception au moment de l'exécution. Vérifiez que P/Invoke pointe vers une API Windows autorisée dans les applications UWP ou une DLL native qui fait partie du package. Si, pour une raison ou une autre, votre P/Invoke ne répond pas à ce critère, utilisez [DllImport(ExactSpelling=true) pour indiquer que vous comprenez les implications de l'utilisation d'API non-UWP."
"Warning",,0,0,"      MCG : warning MCG0007: Méthode P/Invoke non résolue 'winmm.dll!waveOutRestart' pour la méthode 'NAudio.MmResult NAudio.Wave.WaveInterop.waveOutRestart(System.IntPtr)'. L'appel de cette méthode lève une exception au moment de l'exécution. Vérifiez que P/Invoke pointe vers une API Windows autorisée dans les applications UWP ou une DLL native qui fait partie du package. Si, pour une raison ou une autre, votre P/Invoke ne répond pas à ce critère, utilisez [DllImport(ExactSpelling=true) pour indiquer que vous comprenez les implications de l'utilisation d'API non-UWP."
"Warning",,0,0,"      MCG : warning MCG0007: Méthode P/Invoke non résolue 'winmm.dll!waveOutGetPosition' pour la méthode 'NAudio.MmResult NAudio.Wave.WaveInterop.waveOutGetPosition(System.IntPtr, NAudio.Wave.MmTime, System.Int32)'. L'appel de cette méthode lève une exception au moment de l'exécution. Vérifiez que P/Invoke pointe vers une API Windows autorisée dans les applications UWP ou une DLL native qui fait partie du package. Si, pour une raison ou une autre, votre P/Invoke ne répond pas à ce critère, utilisez [DllImport(ExactSpelling=true) pour indiquer que vous comprenez les implications de l'utilisation d'API non-UWP."
"Warning",,0,0,"      MCG : warning MCG0007: Méthode P/Invoke non résolue 'winmm.dll!waveOutSetVolume' pour la méthode 'NAudio.MmResult NAudio.Wave.WaveInterop.waveOutSetVolume(System.IntPtr, System.Int32)'. L'appel de cette méthode lève une exception au moment de l'exécution. Vérifiez que P/Invoke pointe vers une API Windows autorisée dans les applications UWP ou une DLL native qui fait partie du package. Si, pour une raison ou une autre, votre P/Invoke ne répond pas à ce critère, utilisez [DllImport(ExactSpelling=true) pour indiquer que vous comprenez les implications de l'utilisation d'API non-UWP."
"Warning",,0,0,"      MCG : warning MCG0007: Méthode P/Invoke non résolue 'winmm.dll!waveOutGetVolume' pour la méthode 'NAudio.MmResult NAudio.Wave.WaveInterop.waveOutGetVolume(System.IntPtr, System.Int32)'. L'appel de cette méthode lève une exception au moment de l'exécution. Vérifiez que P/Invoke pointe vers une API Windows autorisée dans les applications UWP ou une DLL native qui fait partie du package. Si, pour une raison ou une autre, votre P/Invoke ne répond pas à ce critère, utilisez [DllImport(ExactSpelling=true) pour indiquer que vous comprenez les implications de l'utilisation d'API non-UWP."
"Warning",,0,0,"      MCG : warning MCG0007: Méthode P/Invoke non résolue 'winmm.dll!waveOutGetDevCaps' pour la méthode 'NAudio.MmResult NAudio.Wave.WaveInterop.waveOutGetDevCaps(System.IntPtr, NAudio.Wave.WaveOutCapabilities, System.Int32)'. L'appel de cette méthode lève une exception au moment de l'exécution. Vérifiez que P/Invoke pointe vers une API Windows autorisée dans les applications UWP ou une DLL native qui fait partie du package. Si, pour une raison ou une autre, votre P/Invoke ne répond pas à ce critère, utilisez [DllImport(ExactSpelling=true) pour indiquer que vous comprenez les implications de l'utilisation d'API non-UWP."
"Warning",,0,0,"      MCG : warning MCG0007: Méthode P/Invoke non résolue 'winmm.dll!waveInGetNumDevs' pour la méthode 'System.Int32 NAudio.Wave.WaveInterop.waveInGetNumDevs()'. L'appel de cette méthode lève une exception au moment de l'exécution. Vérifiez que P/Invoke pointe vers une API Windows autorisée dans les applications UWP ou une DLL native qui fait partie du package. Si, pour une raison ou une autre, votre P/Invoke ne répond pas à ce critère, utilisez [DllImport(ExactSpelling=true) pour indiquer que vous comprenez les implications de l'utilisation d'API non-UWP."
"Warning",,0,0,"      MCG : warning MCG0007: Méthode P/Invoke non résolue 'winmm.dll!waveInGetDevCaps' pour la méthode 'NAudio.MmResult NAudio.Wave.WaveInterop.waveInGetDevCaps(System.IntPtr, NAudio.Wave.WaveInCapabilities, System.Int32)'. L'appel de cette méthode lève une exception au moment de l'exécution. Vérifiez que P/Invoke pointe vers une API Windows autorisée dans les applications UWP ou une DLL native qui fait partie du package. Si, pour une raison ou une autre, votre P/Invoke ne répond pas à ce critère, utilisez [DllImport(ExactSpelling=true) pour indiquer que vous comprenez les implications de l'utilisation d'API non-UWP."
"Warning",,0,0,"      MCG : warning MCG0007: Méthode P/Invoke non résolue 'winmm.dll!waveInAddBuffer' pour la méthode 'NAudio.MmResult NAudio.Wave.WaveInterop.waveInAddBuffer(System.IntPtr, NAudio.Wave.WaveHeader, System.Int32)'. L'appel de cette méthode lève une exception au moment de l'exécution. Vérifiez que P/Invoke pointe vers une API Windows autorisée dans les applications UWP ou une DLL native qui fait partie du package. Si, pour une raison ou une autre, votre P/Invoke ne répond pas à ce critère, utilisez [DllImport(ExactSpelling=true) pour indiquer que vous comprenez les implications de l'utilisation d'API non-UWP."
"Warning",,0,0,"      MCG : warning MCG0007: Méthode P/Invoke non résolue 'winmm.dll!waveInClose' pour la méthode 'NAudio.MmResult NAudio.Wave.WaveInterop.waveInClose(System.IntPtr)'. L'appel de cette méthode lève une exception au moment de l'exécution. Vérifiez que P/Invoke pointe vers une API Windows autorisée dans les applications UWP ou une DLL native qui fait partie du package. Si, pour une raison ou une autre, votre P/Invoke ne répond pas à ce critère, utilisez [DllImport(ExactSpelling=true) pour indiquer que vous comprenez les implications de l'utilisation d'API non-UWP."
"Warning",,0,0,"      MCG : warning MCG0007: Méthode P/Invoke non résolue 'winmm.dll!waveInOpen' pour la méthode 'NAudio.MmResult NAudio.Wave.WaveInterop.waveInOpen(System.IntPtr, System.IntPtr, NAudio.Wave.WaveFormat, NAudio.Wave.WaveInterop.WaveCallback, System.IntPtr, NAudio.Wave.WaveInterop.WaveInOutOpenFlags)'. L'appel de cette méthode lève une exception au moment de l'exécution. Vérifiez que P/Invoke pointe vers une API Windows autorisée dans les applications UWP ou une DLL native qui fait partie du package. Si, pour une raison ou une autre, votre P/Invoke ne répond pas à ce critère, utilisez [DllImport(ExactSpelling=true) pour indiquer que vous comprenez les implications de l'utilisation d'API non-UWP."
"Warning",,0,0,"      MCG : warning MCG0007: Méthode P/Invoke non résolue 'winmm.dll!waveInOpen' pour la méthode 'NAudio.MmResult NAudio.Wave.WaveInterop.waveInOpenWindow(System.IntPtr, System.IntPtr, NAudio.Wave.WaveFormat, System.IntPtr, System.IntPtr, NAudio.Wave.WaveInterop.WaveInOutOpenFlags)'. L'appel de cette méthode lève une exception au moment de l'exécution. Vérifiez que P/Invoke pointe vers une API Windows autorisée dans les applications UWP ou une DLL native qui fait partie du package. Si, pour une raison ou une autre, votre P/Invoke ne répond pas à ce critère, utilisez [DllImport(ExactSpelling=true) pour indiquer que vous comprenez les implications de l'utilisation d'API non-UWP."
"Warning",,0,0,"      MCG : warning MCG0007: Méthode P/Invoke non résolue 'winmm.dll!waveInPrepareHeader' pour la méthode 'NAudio.MmResult NAudio.Wave.WaveInterop.waveInPrepareHeader(System.IntPtr, NAudio.Wave.WaveHeader, System.Int32)'. L'appel de cette méthode lève une exception au moment de l'exécution. Vérifiez que P/Invoke pointe vers une API Windows autorisée dans les applications UWP ou une DLL native qui fait partie du package. Si, pour une raison ou une autre, votre P/Invoke ne répond pas à ce critère, utilisez [DllImport(ExactSpelling=true) pour indiquer que vous comprenez les implications de l'utilisation d'API non-UWP."
"Warning",,0,0,"      MCG : warning MCG0007: Méthode P/Invoke non résolue 'winmm.dll!waveInUnprepareHeader' pour la méthode 'NAudio.MmResult NAudio.Wave.WaveInterop.waveInUnprepareHeader(System.IntPtr, NAudio.Wave.WaveHeader, System.Int32)'. L'appel de cette méthode lève une exception au moment de l'exécution. Vérifiez que P/Invoke pointe vers une API Windows autorisée dans les applications UWP ou une DLL native qui fait partie du package. Si, pour une raison ou une autre, votre P/Invoke ne répond pas à ce critère, utilisez [DllImport(ExactSpelling=true) pour indiquer que vous comprenez les implications de l'utilisation d'API non-UWP."
"Warning",,0,0,"      MCG : warning MCG0007: Méthode P/Invoke non résolue 'winmm.dll!waveInReset' pour la méthode 'NAudio.MmResult NAudio.Wave.WaveInterop.waveInReset(System.IntPtr)'. L'appel de cette méthode lève une exception au moment de l'exécution. Vérifiez que P/Invoke pointe vers une API Windows autorisée dans les applications UWP ou une DLL native qui fait partie du package. Si, pour une raison ou une autre, votre P/Invoke ne répond pas à ce critère, utilisez [DllImport(ExactSpelling=true) pour indiquer que vous comprenez les implications de l'utilisation d'API non-UWP."
"Warning",,0,0,"      MCG : warning MCG0007: Méthode P/Invoke non résolue 'winmm.dll!waveInStart' pour la méthode 'NAudio.MmResult NAudio.Wave.WaveInterop.waveInStart(System.IntPtr)'. L'appel de cette méthode lève une exception au moment de l'exécution. Vérifiez que P/Invoke pointe vers une API Windows autorisée dans les applications UWP ou une DLL native qui fait partie du package. Si, pour une raison ou une autre, votre P/Invoke ne répond pas à ce critère, utilisez [DllImport(ExactSpelling=true) pour indiquer que vous comprenez les implications de l'utilisation d'API non-UWP."
"Warning",,0,0,"      MCG : warning MCG0007: Méthode P/Invoke non résolue 'winmm.dll!waveInStop' pour la méthode 'NAudio.MmResult NAudio.Wave.WaveInterop.waveInStop(System.IntPtr)'. L'appel de cette méthode lève une exception au moment de l'exécution. Vérifiez que P/Invoke pointe vers une API Windows autorisée dans les applications UWP ou une DLL native qui fait partie du package. Si, pour une raison ou une autre, votre P/Invoke ne répond pas à ce critère, utilisez [DllImport(ExactSpelling=true) pour indiquer que vous comprenez les implications de l'utilisation d'API non-UWP."
"Warning",,0,0,"      MCG : warning MCG0007: Méthode P/Invoke non résolue 'winmm.dll!waveInGetPosition' pour la méthode 'NAudio.MmResult NAudio.Wave.WaveInterop.waveInGetPosition(System.IntPtr, NAudio.Wave.MmTime, System.Int32)'. L'appel de cette méthode lève une exception au moment de l'exécution. Vérifiez que P/Invoke pointe vers une API Windows autorisée dans les applications UWP ou une DLL native qui fait partie du package. Si, pour une raison ou une autre, votre P/Invoke ne répond pas à ce critère, utilisez [DllImport(ExactSpelling=true) pour indiquer que vous comprenez les implications de l'utilisation d'API non-UWP."
"Message",Normal,"          P/Invoke 'CreateEventExW' résolu en 'CreateEventExW!api-ms-win-core-synch-l1-2-0.dll' à partir de 'SupportedAPIs.xml'."
"Message",Normal,"          P/Invoke 'CloseHandle' résolu en 'CloseHandle!api-ms-win-core-handle-l1-1-0.dll' à partir de 'SupportedAPIs.xml'."
"Message",Normal,"          P/Invoke 'WaitForSingleObjectEx' résolu en 'WaitForSingleObjectEx!api-ms-win-core-synch-l1-2-0.dll' à partir de 'SupportedAPIs.xml'."
"Message",Normal,"          P/Invoke 'ActivateAudioInterfaceAsync' résolu en 'ActivateAudioInterfaceAsync!Mmdevapi.dll' à partir de 'SupportedAPIs.xml'."
"Warning",,0,0,"      MCG : warning MCG0007: Méthode P/Invoke non résolue 'msdmo.dll!DMOEnum' pour la méthode 'System.Int32 NAudio.Dmo.DmoInterop.DMOEnum(System.Guid, NAudio.Dmo.DmoEnumFlags, System.Int32, NAudio.Dmo.DmoPartialMediaType[], System.Int32, NAudio.Dmo.DmoPartialMediaType[], NAudio.Dmo.IEnumDmo)'. L'appel de cette méthode lève une exception au moment de l'exécution. Vérifiez que P/Invoke pointe vers une API Windows autorisée dans les applications UWP ou une DLL native qui fait partie du package. Si, pour une raison ou une autre, votre P/Invoke ne répond pas à ce critère, utilisez [DllImport(ExactSpelling=true) pour indiquer que vous comprenez les implications de l'utilisation d'API non-UWP."
"Warning",,0,0,"      MCG : warning MCG0007: Méthode P/Invoke non résolue 'msdmo.dll!MoFreeMediaType' pour la méthode 'System.Int32 NAudio.Dmo.DmoInterop.MoFreeMediaType(NAudio.Dmo.DmoMediaType)'. L'appel de cette méthode lève une exception au moment de l'exécution. Vérifiez que P/Invoke pointe vers une API Windows autorisée dans les applications UWP ou une DLL native qui fait partie du package. Si, pour une raison ou une autre, votre P/Invoke ne répond pas à ce critère, utilisez [DllImport(ExactSpelling=true) pour indiquer que vous comprenez les implications de l'utilisation d'API non-UWP."
"Warning",,0,0,"      MCG : warning MCG0007: Méthode P/Invoke non résolue 'msdmo.dll!MoInitMediaType' pour la méthode 'System.Int32 NAudio.Dmo.DmoInterop.MoInitMediaType(NAudio.Dmo.DmoMediaType, System.Int32)'. L'appel de cette méthode lève une exception au moment de l'exécution. Vérifiez que P/Invoke pointe vers une API Windows autorisée dans les applications UWP ou une DLL native qui fait partie du package. Si, pour une raison ou une autre, votre P/Invoke ne répond pas à ce critère, utilisez [DllImport(ExactSpelling=true) pour indiquer que vous comprenez les implications de l'utilisation d'API non-UWP."
"Warning",,0,0,"      MCG : warning MCG0007: Méthode P/Invoke non résolue 'msdmo.dll!DMOGetName' pour la méthode 'System.Int32 NAudio.Dmo.DmoInterop.DMOGetName(System.Guid, System.Text.StringBuilder)'. L'appel de cette méthode lève une exception au moment de l'exécution. Vérifiez que P/Invoke pointe vers une API Windows autorisée dans les applications UWP ou une DLL native qui fait partie du package. Si, pour une raison ou une autre, votre P/Invoke ne répond pas à ce critère, utilisez [DllImport(ExactSpelling=true) pour indiquer que vous comprenez les implications de l'utilisation d'API non-UWP."
"Message",Normal,"          P/Invoke 'PropVariantClear' résolu en 'PropVariantClear!api-ms-win-core-com-l1-1-1.dll' à partir de 'SupportedAPIs.xml'."
"Message",Normal,"          P/Invoke 'PropVariantClear' résolu en 'PropVariantClear!api-ms-win-core-com-l1-1-1.dll' à partir de 'SupportedAPIs.xml'."
"Message",Normal,"          P/Invoke 'D3D11CreateDevice' résolu en 'D3D11CreateDevice!d3d11.dll' à partir de 'SupportedAPIs.xml'."
"Message",Normal,"          P/Invoke 'D3D11On12CreateDevice' résolu en 'D3D11On12CreateDevice!d3d11.dll' à partir de 'SupportedAPIs.xml'."
"Message",Normal,"          P/Invoke 'FormatMessageW' résolu en 'FormatMessageW!api-ms-win-core-localization-l1-2-0.dll' à partir de 'SupportedAPIs.xml'."
"Message",Normal,"          P/Invoke 'CoCreateInstanceFromApp' résolu en 'CoCreateInstanceFromApp!api-ms-win-core-com-l1-1-0.dll' à partir de 'SupportedAPIs.xml'."
"Message",Normal,"          P/Invoke 'CloseHandle' résolu en 'CloseHandle!api-ms-win-core-handle-l1-1-0.dll' à partir de 'SupportedAPIs.xml'."
"Message",Normal,"          P/Invoke 'GetProcAddress' résolu en 'GetProcAddress!api-ms-win-core-libraryloader-l1-1-1.dll' à partir de 'SupportedAPIs.xml'."
"Message",Normal,"          P/Invoke 'ReadFile' résolu en 'ReadFile!api-ms-win-core-file-l1-2-0.dll' à partir de 'SupportedAPIs.xml'."
"Message",Normal,"          P/Invoke 'FlushFileBuffers' résolu en 'FlushFileBuffers!api-ms-win-core-file-l1-2-0.dll' à partir de 'SupportedAPIs.xml'."
"Message",Normal,"          P/Invoke 'WriteFile' résolu en 'WriteFile!api-ms-win-core-file-l1-2-0.dll' à partir de 'SupportedAPIs.xml'."
"Message",Normal,"          P/Invoke 'SetFilePointerEx' résolu en 'SetFilePointerEx!api-ms-win-core-file-l1-2-0.dll' à partir de 'SupportedAPIs.xml'."
"Message",Normal,"          P/Invoke 'SetEndOfFile' résolu en 'SetEndOfFile!api-ms-win-core-file-l1-2-0.dll' à partir de 'SupportedAPIs.xml'."
"Message",Normal,"          P/Invoke 'GetFileAttributesExW' résolu en 'GetFileAttributesExW!api-ms-win-core-file-l1-2-0.dll' à partir de 'SupportedAPIs.xml'."
"Message",Normal,"          P/Invoke 'CreateFile2' résolu en 'CreateFile2!api-ms-win-core-file-l1-2-0.dll' à partir de 'SupportedAPIs.xml'."
"Message",Normal,"          P/Invoke 'GetFileInformationByHandleEx' résolu en 'GetFileInformationByHandleEx!api-ms-win-core-file-l2-1-0.dll' à partir de 'SupportedAPIs.xml'."
"Message",Normal,"          P/Invoke 'LoadLibraryExA' résolu en 'LoadLibraryExA!kernel32.dll' à partir de 'SupportedAPIs.xml'."
"Message",Normal,"          P/Invoke 'GetModuleHandleA' résolu en 'GetModuleHandleA!kernel32.dll' à partir de 'SupportedAPIs.xml'."
"Message",Normal,"          P/Invoke 'GetProcAddress' résolu en 'GetProcAddress!kernel32.dll' à partir de 'SupportedAPIs.xml'."
"Message",Normal,"          P/Invoke 'CreateDXGIFactory1' résolu en 'CreateDXGIFactory1!dxgi.dll' à partir de 'SupportedAPIs.xml'."
"Message",Normal,"          P/Invoke 'CreateDXGIFactory2' résolu en 'CreateDXGIFactory2!dxgi.dll' à partir de 'SupportedAPIs.xml'."
"Message",Normal,"          P/Invoke 'RhpGetFuncEvalParameterBufferSize' avec [DllImport(ExactSpelling=true)] a été résolu en '[MRT]!RhpGetFuncEvalParameterBufferSize'."
"Message",Normal,"          P/Invoke 'RhpGetFuncEvalMode' avec [DllImport(ExactSpelling=true)] a été résolu en '[MRT]!RhpGetFuncEvalMode'."
"Message",Normal,"          P/Invoke 'RhpRecordDebuggeeInitiatedHandle' avec [DllImport(ExactSpelling=true)] a été résolu en '[MRT]!RhpRecordDebuggeeInitiatedHandle'."
"Message",Normal,"          P/Invoke 'RhpVerifyDebuggerCleanup' avec [DllImport(ExactSpelling=true)] a été résolu en '[MRT]!RhpVerifyDebuggerCleanup'."
"Message",Normal,"          P/Invoke 'RhpGetCurrentThread' avec [DllImport(ExactSpelling=true)] a été résolu en '[MRT]!RhpGetCurrentThread'."
"Message",Normal,"          P/Invoke 'RhWaitForPendingFinalizers' avec [DllImport(ExactSpelling=true)] a été résolu en '[MRT]!RhWaitForPendingFinalizers'."
"Message",Normal,"          P/Invoke 'RhYield' avec [DllImport(ExactSpelling=true)] a été résolu en '[MRT]!RhYield'."
"Message",Normal,"          P/Invoke 'RhFlushProcessWriteBuffers' avec [DllImport(ExactSpelling=true)] a été résolu en '[MRT]!RhFlushProcessWriteBuffers'."
"Message",Normal,"          P/Invoke 'RhCompatibleReentrantWaitAny' avec [DllImport(ExactSpelling=true)] a été résolu en '[MRT]!RhCompatibleReentrantWaitAny'."
"Message",Normal,"          P/Invoke 'RhCallDescrWorker' avec [DllImport(ExactSpelling=true)] a été résolu en '[MRT]!RhCallDescrWorker'."
"Message",Normal,"          P/Invoke '_ecvt_s' avec [DllImport(ExactSpelling=true)] a été résolu en '[MRT]!_ecvt_s'."
"Message",Normal,"          P/Invoke 'memmove' avec [DllImport(ExactSpelling=true)] a été résolu en '[MRT]!memmove'."
"Message",Normal,"          P/Invoke 'memset' avec [DllImport(ExactSpelling=true)] a été résolu en '[MRT]!memset'."
"Message",Normal,"          P/Invoke 'CallingConventionConverter_GetStubs' avec [DllImport(ExactSpelling=true)] a été résolu en '*!CallingConventionConverter_GetStubs'."
"Message",Normal,"          P/Invoke 'WindowsCreateStringReference' résolu en 'WindowsCreateStringReference!api-ms-win-core-winrt-string-l1-1-0.dll' à partir de 'SupportedAPIs.xml'."
"Message",Normal,"          P/Invoke 'GetLastError' résolu en 'GetLastError!api-ms-win-core-errorhandling-l1-1-0.dll' à partir de 'SupportedAPIs.xml'."
"Message",Normal,"          P/Invoke 'SetLastError' résolu en 'SetLastError!api-ms-win-core-errorhandling-l1-1-0.dll' à partir de 'SupportedAPIs.xml'."
"Message",Normal,"          P/Invoke 'RoInitialize' résolu en 'RoInitialize!api-ms-win-core-winrt-l1-1-0.dll' à partir de 'SupportedAPIs.xml'."
"Message",Normal,"          P/Invoke 'IsValidLocaleName' résolu en 'IsValidLocaleName!api-ms-win-core-localization-l1-2-0.dll' à partir de 'SupportedAPIs.xml'."
"Message",Normal,"          P/Invoke 'ResolveLocaleName' résolu en 'ResolveLocaleName!api-ms-win-core-localization-l1-2-0.dll' à partir de 'SupportedAPIs.xml'."
"Message",Normal,"          P/Invoke 'GetCPInfoExW' résolu en 'GetCPInfoExW!kernel32.dll' à partir de 'SupportedAPIs.xml'."
"Message",Normal,"          P/Invoke 'CoCreateInstance' résolu en 'CoCreateInstance!api-ms-win-core-com-l1-1-0.dll' à partir de 'SupportedAPIs.xml'."
"Message",Normal,"          P/Invoke 'SysFreeString' résolu en 'SysFreeString!OleAut32' à partir de 'SupportedAPIs.xml'."
"Message",Normal,"          P/Invoke 'RoGetBufferMarshaler' résolu en 'RoGetBufferMarshaler!api-ms-win-core-winrt-robuffer-l1-1-0.dll' à partir de 'SupportedAPIs.xml'."
"Message",High,"  Génération du code..."
"Message",High,"  Code interop généré."
"Message",Normal,"  Code écrit dans AssemblyInfo.g.cs"
"Message",Normal,"  Code écrit dans Adapters.g.cs"
"Message",Normal,"  Code écrit dans Data.g.cs"
"Message",Normal,"  Code écrit dans Helpers.g.cs"
"Message",Normal,"  Code écrit dans ImplTypes.g.cs"
"Message",Normal,"  Code écrit dans PInvoke.g.cs"
"Message",Normal,"  Code écrit dans SafeTypes.g.cs"
"Message",Normal,"  Code écrit dans SharedStubs.g.cs"
"Message",Normal,"Exécution de la transformation 'GenerateCodeAndCompile', tas à 211 Mo."
"Message",High,"Compilation du code interop"
"Message",Normal,"Compilation du code source généré : C:\Program Files (x86)\Microsoft SDKs\UWPNuGetPackages\microsoft.net.native.compiler\2.2.12-rel-31116-00\tools\csc\csc.exe /noconfig @""C:\Users\micha\Documents\GitHub\GameplayCapture\Src\uwp\GameplayCapture\obj\x64\Release\ilc\intermediate\GameplayCapture.McgInterop.rsp"""
"Message",High,"Génération du code proxy System.Reflection.DispatchProxy."
"Message",Normal,"Exécution de la transformation 'ReducedCopyInitialize', tas à 212 Mo."
"Message",Normal,"Exécution de la transformation 'ReducedCopyEmptyTypes', tas à 238 Mo."
"Message",Normal,"Exécution de la transformation 'ReducedCopyPopulateTypes', tas à 242 Mo."
"Message",Normal,"Exécution de la transformation 'ReducedCopyLateMetadata', tas à 246 Mo."
"Message",Normal,"Exécution de la transformation 'ReducedCopyPassResourcesToMutableAssembly', tas à 270 Mo."
"Message",Normal,"Exécution de la transformation 'ReducedCopyMethodBodies', tas à 270 Mo."
"Message",Normal,"Exécution de la transformation 'ReducedCopyComplete', tas à 306 Mo."
"Message",Normal,"Exécution de la transformation 'ReducedCopyCleanup', tas à 350 Mo."
"Message",Normal,"Exécution de la transformation 'DeveloperExperienceModeOnlyCodeRemover', tas à 350 Mo."
"Message",Normal,"Exécution de la transformation 'ComImportDetector', tas à 350 Mo."
"Message",Normal,"Exécution de la transformation 'McgAccessor', tas à 350 Mo."
"Message",Normal,"Exécution de la transformation 'McgRedirect', tas à 352 Mo."
"Message",Normal,"Exécution de la transformation 'McgRedirect', tas à 356 Mo."
"Message",Normal,"Exécution de la transformation 'McgTypeOf', tas à 357 Mo."
"Message",Normal,"Exécution de la transformation 'EventSource', tas à 364 Mo."
"Message",Normal,"Exécution de la transformation 'ValueType', tas à 364 Mo."
"Message",Normal,"Exécution de la transformation 'Attribute', tas à 364 Mo."
"Message",Normal,"Exécution de la transformation 'GetType', tas à 364 Mo."
"Message",Normal,"Exécution de la transformation 'McgFixups', tas à 365 Mo."
"Message",Normal,"Exécution de la transformation 'ResourceManagerCtor', tas à 367 Mo."
"Message",Normal,"Exécution de la transformation 'TypeofTypeHandle', tas à 367 Mo."
"Message",Normal,"Exécution de la transformation 'DispatchProxyIntrinsics', tas à 314 Mo."
"Message",Normal,"Exécution de la transformation 'StaticInitData', tas à 314 Mo."
"Message",Normal,"Exécution de la transformation 'Delegate', tas à 328 Mo."
"Message",Normal,"Exécution de la transformation 'LazyGenerics', tas à 329 Mo."
"Message",Normal,"Exécution de la transformation 'AddReflectionBlockedAttributes', tas à 342 Mo."
"Message",Normal,"Exécution de la transformation 'DisableOptimization', tas à 342 Mo."
"Message",Normal,"Exécution de la transformation 'ResourceExtractor', tas à 342 Mo."
"Message",Normal,"Exécution de la transformation 'CreateMetadata', tas à 342 Mo."
"Message",Normal,"Exécution de la transformation 'StartupCodeInjector', tas à 398 Mo."
"Message",Normal,"Exécution de la transformation 'SaveRVAStatics', tas à 398 Mo."
"Message",Normal,"Exécution de la transformation 'ReflectionInvoke', tas à 399 Mo."
"Message",Normal,"Exécution de la transformation 'ScrubOpenCalls', tas à 402 Mo."
"Message",Normal,"Exécution de la transformation 'ConvertCatchIntoFilter', tas à 403 Mo."
"Message",Normal,"Exécution de la transformation 'ReflectionMappingInfoEmit', tas à 403 Mo."
"Message",Normal,"Exécution de la transformation 'ReflectionIntrinsics', tas à 407 Mo."
"Message",Normal,"Exécution de la transformation 'ConvertManagedWinMD', tas à 408 Mo."
"Message",Normal,"Exécution de la transformation 'DebuggerGuidedStepThroughJmc', tas à 408 Mo."
"Message",Normal,"Exécution de la transformation 'Reducer', tas à 413 Mo."
"Message",High,"Nettoyage du code non référencé"
"Message",Normal,"Exécution de la transformation 'WriteAssemblies', tas à 384 Mo."
"Message",Normal,""
"Message",Normal,"Résumé de la transformation"
"Message",Normal,"    ms | delta du tas | nom"
"Message",Normal,"  4493 |        146 | Analysis"
"Message",Normal,"  2366 |          1 | GenerateCodeAndCompile"
"Message",Normal,"   884 |         72 | WriteAssemblies"
"Message",Normal,"   748 |         31 | Mcg"
"Message",Normal,"   599 |        -29 | Reducer"
"Message",Normal,"   365 |         56 | CreateMetadata"
"Message",Normal,"   248 |          4 | ReducedCopyPopulateTypes"
"Message",Normal,"   245 |         26 | ReducedCopyInitialize"
"Message",Normal,"   212 |         44 | ReducedCopyComplete"
"Message",Normal,"   175 |        -53 | TypeofTypeHandle"
"Message",Normal,"   134 |         36 | ReducedCopyMethodBodies"
"Message",Normal,"    84 |         24 | ReducedCopyLateMetadata"
"Message",Normal,"    68 |         16 | DumpNativeResources"
"Message",Normal,"    60 |          7 | McgTypeOf"
"Message",Normal,"    55 |          4 | McgRedirect"
"Message",Normal,"    48 |         14 | StaticInitData"
"Message",Normal,"    37 |         13 | LazyGenerics"
"Message",Normal,"    29 |          1 | McgRedirect"
"Message",Normal,"    22 |          1 | SaveRVAStatics"
"Message",Normal,"    13 |          5 | DebuggerGuidedStepThroughJmc"
"Message",Normal,"    11 |          4 | ReducedCopyEmptyTypes"
"Message",Normal,"    10 |          2 | McgAccessor"
"Message",Normal,"    10 |          2 | McgFixups"
"Message",Normal,"     9 |          0 | ResourceExtractor"
"Message",Normal,"     9 |          1 | GetType"
"Message",Normal,"     6 |          0 | DispatchProxyIntrinsics"
"Message",Normal,"     6 |          3 | ReflectionInvoke"
"Message",Normal,"     5 |          1 | ReflectionIntrinsics"
"Message",Normal,"     5 |          1 | ScrubOpenCalls"
"Message",Normal,"     4 |          4 | ReflectionMappingInfoEmit"
"Message",Normal,"     2 |          1 | Delegate"
"Message",Normal,"     2 |          0 | ReducedCopyCleanup"
"Message",Normal,"     2 |          0 | ConvertCatchIntoFilter"
"Message",Normal,"     1 |          0 | EventSource"
"Message",Normal,"     1 |          0 | Attribute"
"Message",Normal,"     0 |          0 | ConvertManagedWinMD"
"Message",Normal,"     0 |          0 | ValueType"
"Message",Normal,"     0 |          0 | StartupCodeInjector"
"Message",Normal,"     0 |          0 | DisableOptimization"
"Message",Normal,"     0 |          0 | AddReflectionBlockedAttributes"
"Message",Normal,"     0 |          0 | DeveloperExperienceModeOnlyCodeRemover"
"Message",Normal,"     0 |          0 | ResourceManagerCtor"
"Message",Normal,"     0 |          0 | ReducedCopyPassResourcesToMutableAssembly"
"Message",Normal,"     0 |          0 | ComImportDetector"
"Message",Low,"Fin de l'exécution de la tâche ""RunILTransforms""."
"Message",Low,"Génération de la cible ""RunILTransforms"" terminée dans le fichier ""ILTransforms""."
"Message",Low,"Génération du projet ""ILTransforms"" terminée."
"Message",Low,""
"Message",Low,""
"Message",Low,"Génération de la cible ""GenerateMDIL"" terminée dans le fichier ""Nutc""."
"Message",Low,""
"Message",High,"Génération du code natif"
"Message",Low,"Génération de la cible ""MDILPrepareMultiFile"" terminée dans le fichier ""Nutc""."
"Message",Low,""
"Message",Low,"Génération de la cible ""SetBinaryForReferences"" terminée dans le fichier ""Nutc""."
"Message",Low,""
"Message",Low,"Tâche ""GenerateMDILGlobalAnalysis"""
"Message",Normal,"Lancement de 'C:\Program Files (x86)\Microsoft SDKs\UWPNuGetPackages\runtime.win10-x64.microsoft.net.native.compiler\2.2.12-rel-31116-00\tools\x64\ilc\Tools\nutc_driver.exe @""C:\Users\micha\Documents\GitHub\GameplayCapture\Src\uwp\GameplayCapture\obj\x64\Release\ilc\intermediate\MDIL\GameplayCapture.rsp""'"
"Message",Low,"Microsoft (R) MDIL Compiler - Version 2.2.31116.00"
"Message",Low,"Copyright (c) Microsoft Corporation.  All rights reserved."
"Message",Low,"Analyse des types d'entrée"
"Message",Low,"Analyse de 11419 méthodes."
"Message",Low,"Analyse de 6382 méthodes."
"Message",Low,"Analyse de 2949 méthodes."
"Message",Low,"Analyse de 1243 méthodes."
"Message",Low,"Analyse de 599 méthodes."
"Message",Low,"Analyse de 205 méthodes."
"Message",Low,"Analyse de 148 méthodes."
"Message",Low,"Analyse de 77 méthodes."
"Message",Low,"Analyse de 26 méthodes."
"Message",Low,"Analyse de 28 méthodes."
"Message",Low,"Analyse de 13 méthodes."
"Message",Low,"Analyse de 8 méthodes."
"Message",Low,"Analyse de 5 méthodes."
"Message",Low,"Analyse de 2 méthodes."
"Message",Low,"Analyse de 1 méthodes."
"Message",Low,"Analyse de 1 méthodes."
"Message",Low,"Génération de code hâtive"
"Message",Low,"Compilation de 23106 méthodes."
"Message",Low,"Génération de code différée"
"Message",Low,"Appel à la méthode managée Initialize effectué ; code de sortie : 0 durant la génération de la liste CTL.Statistiques des métadonnées de la trace de la pile"
"Message",Low,"Nombre de méthodes envoyées :   8510"
"Message",Low,"Taille de l'objet blob de métadonnées :          282716"
"Message",Low,"RVA de la méthode - taille de la table des jetons : 68080"
"Message",Low,"Taille native totale :           350796"
"Message",Low,"Génération réussie de 'C:\Users\micha\Documents\GitHub\GameplayCapture\Src\uwp\GameplayCapture\obj\x64\Release\ilc\intermediate\MDIL\GameplayCapture.mdilexe'"
"Message",Low,"Génération réussie de 'C:\Users\micha\Documents\GitHub\GameplayCapture\Src\uwp\GameplayCapture\obj\x64\Release\ilc\intermediate\MDIL\GameplayCapture.mdilpdb'"
"Message",Low,"Compilé en code MDIL."
"Message",Normal,"'C:\Program Files (x86)\Microsoft SDKs\UWPNuGetPackages\runtime.win10-x64.microsoft.net.native.compiler\2.2.12-rel-31116-00\tools\x64\ilc\Tools\nutc_driver.exe @""C:\Users\micha\Documents\GitHub\GameplayCapture\Src\uwp\GameplayCapture\obj\x64\Release\ilc\intermediate\MDIL\GameplayCapture.rsp""' achevé."
"Message",Normal,"Statistiques d'exécution de processus (toutes les durées en millisecondes)"
"Message",Normal,"-----------------------------------------------------------------------------"
"Message",Normal,"lancement | début |   arrêt  |   fin    |  durée   | durée de vie | nom [emplacement]"
"Message",Normal,"-----------------------------------------------------------------------------"
"Message",Normal,"       0 |       15 |     9937 |     9937 |     9922 |     9937 | [0] Nutc GlobalAnalysis"
"Message",Normal,"Nombre de commandes :    1"
"Message",Normal,"Temps système total :    9937 ms"
"Message",Normal,"Temps système par commande : 9937 ms"
"Message",Normal,"Durée totale :           9922 ms"
"Message",Normal,"Durée de vie totale :    9937 ms"
"Message",Normal,"DOP demandé :            4"
"Message",Normal,"Durée DOP :              1,0"
"Message",Normal,"Durée de vie DOP :       1,0"
"Message",Low,"Fin de l'exécution de la tâche ""GenerateMDILGlobalAnalysis""."
"Message",Low,"Génération de la cible ""GenerateMDILGlobalAnalysis"" terminée dans le fichier ""Nutc""."
"Message",Low,""
"Message",Low,"Tâche ""rc"""
"Message",Normal,"Lancement de 'C:\Program Files (x86)\Windows Kits\10\bin\10.0.22621.0\x64\rc.exe /c ""65001"" /r /fo ""C:\Users\micha\Documents\GitHub\GameplayCapture\Src\uwp\GameplayCapture\obj\x64\Release\ilc\intermediate\BuildInfo\BuildInfo.res"" ""C:\Users\micha\Documents\GitHub\GameplayCapture\Src\uwp\GameplayCapture\obj\x64\Release\ilc\intermediate\BuildInfo\BuildInfo.rc""'"
"Message",Low,"Microsoft (R) Windows (R) Resource Compiler Version 10.0.10011.16384"
"Message",Low,"Copyright (C) Microsoft Corporation.  All rights reserved."
"Message",Normal,"'C:\Program Files (x86)\Windows Kits\10\bin\10.0.22621.0\x64\rc.exe /c ""65001"" /r /fo ""C:\Users\micha\Documents\GitHub\GameplayCapture\Src\uwp\GameplayCapture\obj\x64\Release\ilc\intermediate\BuildInfo\BuildInfo.res"" ""C:\Users\micha\Documents\GitHub\GameplayCapture\Src\uwp\GameplayCapture\obj\x64\Release\ilc\intermediate\BuildInfo\BuildInfo.rc""' achevé."
"Message",Normal,"Statistiques d'exécution de processus (toutes les durées en millisecondes)"
"Message",Normal,"-----------------------------------------------------------------------------"
"Message",Normal,"lancement | début |   arrêt  |   fin    |  durée   | durée de vie | nom [emplacement]"
"Message",Normal,"-----------------------------------------------------------------------------"
"Message",Normal,"       0 |        0 |       16 |       16 |       16 |       16 | [0] rc"
"Message",Normal,"Nombre de commandes :    1"
"Message",Normal,"Temps système total :    16 ms"
"Message",Normal,"Temps système par commande : 16 ms"
"Message",Normal,"Durée totale :           16 ms"
"Message",Normal,"Durée de vie totale :    16 ms"
"Message",Normal,"DOP demandé :            4"
"Message",Normal,"Durée DOP :              1,0"
"Message",Normal,"Durée de vie DOP :       1,0"
"Message",Low,"Fin de l'exécution de la tâche ""rc""."
"Message",Low,"Tâche ""ResourceBinaryConcatenate"""
"Message",Normal,"Concaténation en 'C:\Users\micha\Documents\GitHub\GameplayCapture\Src\uwp\GameplayCapture\obj\x64\Release\ilc\intermediate\Native.res' avec l'alignement '4'."
"Message",Normal," Ajout effectué de 'C:\Users\micha\Documents\GitHub\GameplayCapture\Src\uwp\GameplayCapture\obj\x64\Release\ilc\intermediate\ILTransformed\GameplayCapture.res' à l'offset 0."
"Message",Normal," Ajout effectué de 'C:\Users\micha\Documents\GitHub\GameplayCapture\Src\uwp\GameplayCapture\obj\x64\Release\ilc\intermediate\BuildInfo\BuildInfo.res' à l'offset 1440."
"Message",Low,"Fin de l'exécution de la tâche ""ResourceBinaryConcatenate""."
"Message",Low,"Génération de la cible ""GenerateBuildInfo"" terminée dans le fichier ""Nutc""."
"Message",Low,"Génération du projet ""Nutc"" terminée."
"Message",Low,""
"Message",Low,""
"Message",Low,"Génération de la cible ""MDILBindPrepare"" terminée dans le fichier ""Binder""."
"Message",Low,""
"Message",High,"Génération de corrections pour le code natif"
"Message",Low,"Tâche ""MDILBind"""
"Message",Normal,"Lancement de 'C:\Program Files (x86)\Microsoft SDKs\UWPNuGetPackages\runtime.win10-x64.microsoft.net.native.compiler\2.2.12-rel-31116-00\tools\x64\ilc\Tools\rhbind.exe @""C:\Users\micha\Documents\GitHub\GameplayCapture\Src\uwp\GameplayCapture\obj\x64\Release\ilc\intermediate\rhbindargs.GameplayCapture.rsp""'"
"Message",Low,"VERSION DE SYSTÈME D'EXPLOITATION : principale : 6  secondaire : 2"
"Message",Low,"MDIL : C:\Users\micha\Documents\GitHub\GameplayCapture\Src\uwp\GameplayCapture\obj\x64\Release\ilc\intermediate\MDIL\GameplayCapture.mdilexe"
"Message",Low,"MDILPDB : C:\Users\micha\Documents\GitHub\GameplayCapture\Src\uwp\GameplayCapture\obj\x64\Release\ilc\intermediate\MDIL\GameplayCapture.mdilpdb"
"Message",Low,"IL : C:\Users\micha\Documents\GitHub\GameplayCapture\Src\uwp\GameplayCapture\obj\x64\Release\ilc\intermediate\MDIL\GameplayCapture.ilexe"
"Message",Low,"NI : C:\Users\micha\Documents\GitHub\GameplayCapture\Src\uwp\GameplayCapture\obj\x64\Release\ilc\intermediate\Native\GameplayCapture.dll"
"Message",Low,"SHIM : C:\Users\micha\Documents\GitHub\GameplayCapture\Src\uwp\GameplayCapture\obj\x64\Release\ilc\intermediate\Native\GameplayCapture.exe"
"Message",Low,"REDHAWK_RUNTIME_DLL_NAME_A=mrt100_app.dll"
"Message",Low,"pdb : C:\Users\micha\Documents\GitHub\GameplayCapture\Src\uwp\GameplayCapture\obj\x64\Release\ilc\intermediate\Native\GameplayCapture.pdb"
"Message",Low,"C:\Users\micha\Documents\GitHub\GameplayCapture\Src\uwp\GameplayCapture\obj\x64\Release\ilc\intermediate\Native\GameplayCapture.dll produits en 0.868 secondes"
"Message",Normal,"'C:\Program Files (x86)\Microsoft SDKs\UWPNuGetPackages\runtime.win10-x64.microsoft.net.native.compiler\2.2.12-rel-31116-00\tools\x64\ilc\Tools\rhbind.exe @""C:\Users\micha\Documents\GitHub\GameplayCapture\Src\uwp\GameplayCapture\obj\x64\Release\ilc\intermediate\rhbindargs.GameplayCapture.rsp""' achevé."
"Message",Normal,"Statistiques d'exécution de processus (toutes les durées en millisecondes)"
"Message",Normal,"-----------------------------------------------------------------------------"
"Message",Normal,"lancement | début |   arrêt  |   fin    |  durée   | durée de vie | nom [emplacement]"
"Message",Normal,"-----------------------------------------------------------------------------"
"Message",Normal,"       0 |        0 |      906 |      906 |      906 |      906 | [0] rhbind GameplayCapture"
"Message",Normal,"Nombre de commandes :    1"
"Message",Normal,"Temps système total :    906 ms"
"Message",Normal,"Temps système par commande : 906 ms"
"Message",Normal,"Durée totale :           906 ms"
"Message",Normal,"Durée de vie totale :    906 ms"
"Message",Normal,"DOP demandé :            4"
"Message",Normal,"Durée DOP :              1,0"
"Message",Normal,"Durée de vie DOP :       1,0"
"Message",Low,"Fin de l'exécution de la tâche ""MDILBind""."
"Message",Low,"Génération de la cible ""MDILBind"" terminée dans le fichier ""Binder""."
"Message",Low,"Génération du projet ""Binder"" terminée."
"Message",Low,""
"Message",Low,""
"Message",Low,"Génération de la cible ""CopyNativeExecutablesToOutput"" terminée dans le fichier ""Deployment""."
"Message",Low,""
"Message",Low,"Tâche ""TransformAppxManifest"""
"Message",Low,"Fin de l'exécution de la tâche ""TransformAppxManifest""."
"Message",Low,"Génération de la cible ""TransformAppxManifestAndAddCrt"" terminée dans le fichier ""Deployment""."
"Message",Low,""
"Message",Low,"Génération de la cible ""CopyPackageResourceFileInRetailBuild"" terminée dans le fichier ""Deployment""."
"Message",Low,"Génération du projet ""Deployment"" terminée."
"Message",Low,"Fin de la compilation"
